{
    "1": [
        1.0,
        0.20663541109468855,
        0.06377673039867192,
        0.21492967496304927,
        0.3450234416789836,
        0.0,
        0.0,
        0.8450234416789836,
        0.0,
        0.3450234416789836,
        0.5248827916050821,
        0.09502344167898358,
        0.2958497808099537,
        0.0,
        0.4049765583210164,
        0.3800937667159343,
        0.1833991232398149,
        0.1833991232398149,
        0.0,
        0.5701406500739015
    ],
    "2": [
        0.0,
        0.8450234416789836,
        0.0,
        0.265944182599668,
        0.12755346079734384,
        0.0,
        0.0,
        0.6549765583210164,
        0.0,
        0.12755346079734384,
        0.6199062332840657,
        0.4751172083949179,
        0.0,
        0.0,
        0.10108372610049804,
        1.0,
        0.0,
        0.0,
        0.0,
        0.42985934992609853
    ],
    "3": [
        0.11990623328406573,
        0.0,
        0.0,
        0.0,
        0.08688267143572,
        0.10108372610049804,
        0.4308046390988379,
        0.4049765583210164,
        0.5207510959502315,
        0.0,
        0.4400468833579672,
        0.28507032503695073,
        0.0,
        0.0,
        0.4751172083949179,
        0.0,
        0.0,
        0.7750986848597224,
        0.0,
        0.8201406500739015
    ],
    "4": [
        0.30995311664203284,
        0.0,
        0.43187871689428314,
        0.7149296749630493,
        0.3800937667159343,
        0.0,
        0.16486045649916994,
        0.0,
        0.0,
        0.0,
        0.4400468833579672,
        0.7601875334318686,
        0.0,
        0.27488279160508217,
        0.5599531166420328,
        0.15497655832101642,
        0.1596969716198995,
        0.0,
        0.0,
        0.25
    ],
    "5": [
        0.10075757095025123,
        0.19004688335796716,
        0.3297209129983399,
        0.5248827916050821,
        0.28507032503695073,
        0.0,
        0.4751172083949179,
        0.5950234416789836,
        0.0,
        0.0,
        0.5599531166420328,
        0.0,
        0.0,
        0.28507032503695073,
        0.0,
        0.0,
        0.3297209129983399,
        0.0,
        0.2754115523761867,
        0.3800937667159343
    ],
    "6": [
        0.0,
        0.0,
        0.0,
        0.0,
        0.36702790870016605,
        0.19004688335796716,
        0.10075757095025123,
        0.0,
        0.0,
        0.0,
        0.23981246656813146,
        0.0,
        0.5701406500739015,
        0.0,
        0.0,
        0.0,
        0.41311732856428,
        0.0,
        0.38009376671593426,
        0.0
    ],
    "7": [
        0.665164091752885,
        0.3450234416789836,
        0.0,
        0.0,
        0.4498026302805554,
        0.19004688335796716,
        0.0,
        0.19004688335796716,
        0.0,
        0.9049765583210164,
        0.665164091752885,
        0.0,
        0.20663541109468855,
        0.0,
        0.75,
        0.0,
        0.0,
        0.0,
        0.0
    ],
    "8": [
        0.21284539700902813,
        0.0,
        0.319393943239799,
        0.19004688335796716,
        0.0,
        0.0,
        0.4498026302805554,
        0.19004688335796716,
        0.0,
        0.0,
        0.0,
        0.0,
        0.0,
        0.23981246656813146,
        0.0,
        0.09502344167898358,
        0.2551069215946877,
        0.0,
        0.0,
        0.0
    ],
    "9": [
        0.4498026302805554,
        0.0,
        0.0,
        0.0,
        0.8099531166420328,
        0.0,
        0.19004688335796716
    ],
    "10": [
        0.0,
        0.0,
        0.5950234416789836,
        0.0
    ],
    "11": [
        0.23981246656813146,
        0.0,
        0.28507032503695073
    ]
}